Name,Website,Phone,WhatsApp,Address,Map,Description,Category,Images
اتش كربينو,,"0114-0332-033
0100-7070-807",,"317, حدائق الاهرام, الهرم, الجيزة.",https://yellowpages.com.eg/ar/profile/%D8%A7%D8%AA%D8%B4-%D9%83%D8%B1%D8%A8%D9%8A%D9%86%D9%88/626275?position=400&key=%D9%85%D8%B7%D8%A7%D8%B9%D9%85&mod=search&categoryId=3165,,كريب ووافل,
اتلانتس,,"0115-4787-650
0115-4787-652",,", المحور المركزى, الحى العاشر, السادس من اكتوبر, الجيزة.",https://yellowpages.com.eg/ar/profile/%D8%A7%D8%AA%D9%84%D8%A7%D9%86%D8%AA%D8%B3/429830?position=401&key=%D9%85%D8%B7%D8%A7%D8%B9%D9%85&mod=search&categoryId=3165,,مطاعم ايطالية,
اتلانتس كورنرز,,0120-0000-761,,"74 ش عبد العزيز ال سعود, المنيل, القاهرة.",https://yellowpages.com.eg/ar/profile/%D8%A7%D8%AA%D9%84%D8%A7%D9%86%D8%AA%D8%B3-%D9%83%D9%88%D8%B1%D9%86%D8%B1%D8%B2/505832?position=402&key=%D9%85%D8%B7%D8%A7%D8%B9%D9%85&mod=search&categoryId=3165,,مطاعم عالمية,
اتيباسى كوفى,,"0102-1543-709
02-3612-1151",,"طريق الواحات, السادس من اكتوبر, الجيزة.",https://yellowpages.com.eg/ar/profile/%D8%A7%D8%AA%D9%8A%D8%A8%D8%A7%D8%B3%D9%89-%D9%83%D9%88%D9%81%D9%89/618418?position=403&key=%D9%85%D8%B7%D8%A7%D8%B9%D9%85&mod=search&categoryId=3165,,مقاهى,
اثانور كافيه,,0106-9503-541,,"3 ش المليل متفرع من ش الفنار - منطقة لايت هاوس, المسبط, دهب.",https://yellowpages.com.eg/ar/profile/%D8%A7%D8%AB%D8%A7%D9%86%D9%88%D8%B1-%D9%83%D8%A7%D9%81%D9%8A%D9%87/540370?position=404&key=%D9%85%D8%B7%D8%A7%D8%B9%D9%85&mod=search&categoryId=3165,,مطاعم ايطالية,
اثيل للاغذية والمشروبات,https://www.atheel-eg.com/,0100-3211-114,,"القطعة 574, المنطقة الصناعية, التجمع الثالث, القاهرة الجديدة, القاهرة.",https://yellowpages.com.eg/ar/profile/%D8%A7%D8%AB%D9%8A%D9%84-%D9%84%D9%84%D8%A7%D8%BA%D8%B0%D9%8A%D8%A9-%D9%88%D8%A7%D9%84%D9%85%D8%B4%D8%B1%D9%88%D8%A8%D8%A7%D8%AA/688616?position=405&key=%D9%85%D8%B7%D8%A7%D8%B9%D9%85&mod=search&categoryId=3165,,مخابز ومعجنات وحلوى محلات,
اثينا جريك تافيرنا,http://www.athenagreektaverna.wixsite.com/elgouna,"0100-6965-102
065-3580-520",https://web.whatsapp.com/send?phone=+201006965102,"ش ايناس الدغيدى - عمارة H4, وسط البلد, الجونة.",https://yellowpages.com.eg/ar/profile/%D8%A7%D8%AB%D9%8A%D9%86%D8%A7-%D8%AC%D8%B1%D9%8A%D9%83-%D8%AA%D8%A7%D9%81%D9%8A%D8%B1%D9%86%D8%A7/167661?position=406&key=%D9%85%D8%B7%D8%A7%D8%B9%D9%85&mod=search&categoryId=3165,,مطاعم يونانية,
اجزكتيف لونج,http://www.radissonblu.com/hotel-alexandria/dining,"03-5896-000
03-5896-002
03-5896-020",,"كم 23 - محور التعمير - مجمع اليكس ويست, طريق اسكندرية مطروح الصحراوى, الساحل الشمالى.",https://yellowpages.com.eg/ar/profile/%D8%A7%D8%AC%D8%B2%D9%83%D8%AA%D9%8A%D9%81-%D9%84%D9%88%D9%86%D8%AC/247329?position=407&key=%D9%85%D8%B7%D8%A7%D8%B9%D9%85&mod=search&categoryId=3165,,اماكن ليلية,
اجزيكاتيف لونج,,"069-3710-210
069-3710-209",,"الغرقانة, خليج نبق, شرم الشيخ.",https://yellowpages.com.eg/ar/profile/%D8%A7%D8%AC%D8%B2%D9%8A%D9%83%D8%A7%D8%AA%D9%8A%D9%81-%D9%84%D9%88%D9%86%D8%AC/244178?position=408&key=%D9%85%D8%B7%D8%A7%D8%B9%D9%85&mod=search&categoryId=3165,,اماكن ليلية,
اجزيكتيف لونج,,"0111-0778-857
0111-0778-856
0128-0980-856",,"طريق الغردقة سفاجا, سهل حشيش, الغردقة.",https://yellowpages.com.eg/ar/profile/%D8%A7%D8%AC%D8%B2%D9%8A%D9%83%D8%AA%D9%8A%D9%81-%D9%84%D9%88%D9%86%D8%AC/246612?position=409&key=%D9%85%D8%B7%D8%A7%D8%B9%D9%85&mod=search&categoryId=3165,,وجبات سريعة,
اجياد,,0100-8455-166,,"1 ش المستشفى تقاطع ش العشرينى, حى السلام, الاسماعيلية.",https://yellowpages.com.eg/ar/profile/%D8%A7%D8%AC%D9%8A%D8%A7%D8%AF/292823?position=410&key=%D9%85%D8%B7%D8%A7%D8%B9%D9%85&mod=search&categoryId=3165,,بيتزا,
احباب الحسين,,0106-4348-869,,"ش امير الجيوش, الجمالية, القاهرة.",https://yellowpages.com.eg/ar/profile/%D8%A7%D8%AD%D8%A8%D8%A7%D8%A8-%D8%A7%D9%84%D8%AD%D8%B3%D9%8A%D9%86/362564?position=411&key=%D9%85%D8%B7%D8%A7%D8%B9%D9%85&mod=search&categoryId=3165,,مطاعم مصرية,
احباب السيدة,,0111-1953-837,,"57 مساكن الدلتا -, مدينة السلام, القاهرة.",https://yellowpages.com.eg/ar/profile/%D8%A7%D8%AD%D8%A8%D8%A7%D8%A8-%D8%A7%D9%84%D8%B3%D9%8A%D8%AF%D8%A9/390551?position=412&key=%D9%85%D8%B7%D8%A7%D8%B9%D9%85&mod=search&categoryId=3165,,مطاعم,
احباب السيدة,,0114-6023-016,,"ش طه ابو النور متفرع من ش فيصل, فيصل, الجيزة.",https://yellowpages.com.eg/ar/profile/%D8%A7%D8%AD%D8%A8%D8%A7%D8%A8-%D8%A7%D9%84%D8%B3%D9%8A%D8%AF%D8%A9/321697?position=413&key=%D9%85%D8%B7%D8%A7%D8%B9%D9%85&mod=search&categoryId=3165,,مطاعم,
احباب النبى,,0111-1991-578,,"ش البوسطة القديمة, شبراخيت, البحيرة.",https://yellowpages.com.eg/ar/profile/%D8%A7%D8%AD%D8%A8%D8%A7%D8%A8-%D8%A7%D9%84%D9%86%D8%A8%D9%89/368602?position=414&key=%D9%85%D8%B7%D8%A7%D8%B9%D9%85&mod=search&categoryId=3165,,مخابز ومعجنات وحلوى محلات,
احسن ناس,,"0100-0551-160
0100-0707-544",,"92 ش محمد المقريفى, الحى السادس, مدينة نصر, القاهرة.",https://yellowpages.com.eg/ar/profile/%D8%A7%D8%AD%D8%B3%D9%86-%D9%86%D8%A7%D8%B3/665213?position=415&key=%D9%85%D8%B7%D8%A7%D8%B9%D9%85&mod=search&categoryId=3165,,وجبات سريعة,
احفاد الخديوى,,"02-3586-3424
0109-2735-091",,"5 ش ايوب, الهرم, الجيزة.",https://yellowpages.com.eg/ar/profile/%D8%A7%D8%AD%D9%81%D8%A7%D8%AF-%D8%A7%D9%84%D8%AE%D8%AF%D9%8A%D9%88%D9%89/198564?position=416&key=%D9%85%D8%B7%D8%A7%D8%B9%D9%85&mod=search&categoryId=3165,,مطاعم مصرية,
احلى اكلة,,0112-9127-177,,"42 ش احمد حافظ متفرع من ش جمال عبد الناصر, سيدى بشر بحرى, الاسكندرية.",https://yellowpages.com.eg/ar/profile/%D8%A7%D8%AD%D9%84%D9%89-%D8%A7%D9%83%D9%84%D8%A9/614601?position=417&key=%D9%85%D8%B7%D8%A7%D8%B9%D9%85&mod=search&categoryId=3165,,بيتزا,
احلى الاوقات كوفى شوب,,0100-6485-612,,"67 ش الحرية, اوسيم, الجيزة.",https://yellowpages.com.eg/ar/profile/%D8%A7%D8%AD%D9%84%D9%89-%D8%A7%D9%84%D8%A7%D9%88%D9%82%D8%A7%D8%AA-%D9%83%D9%88%D9%81%D9%89-%D8%B4%D9%88%D8%A8/559953?position=418&key=%D9%85%D8%B7%D8%A7%D8%B9%D9%85&mod=search&categoryId=3165,,مقاهى,
احلى بداية,,02-2390-2231,,"25 ش الحلمية الجديدة, الحلمية الجديدة, القاهرة.",https://yellowpages.com.eg/ar/profile/%D8%A7%D8%AD%D9%84%D9%89-%D8%A8%D8%AF%D8%A7%D9%8A%D8%A9/369674?position=419&key=%D9%85%D8%B7%D8%A7%D8%B9%D9%85&mod=search&categoryId=3165,,بيتزا,
احلى حلو,,"0111-3663-359
0102-9801-050",,"214 عمارات الضباط - , الفردوس, السادس من اكتوبر, الجيزة.",https://yellowpages.com.eg/ar/profile/%D8%A7%D8%AD%D9%84%D9%89-%D8%AD%D9%84%D9%88/583811?position=420&key=%D9%85%D8%B7%D8%A7%D8%B9%D9%85&mod=search&categoryId=3165,,مخابز ومعجنات وحلوى محلات,
احلى ليالى,,0122-4316-854,,"ش مهران, البساتين, القاهرة.",https://yellowpages.com.eg/ar/profile/%D8%A7%D8%AD%D9%84%D9%89-%D9%84%D9%8A%D8%A7%D9%84%D9%89/371748?position=421&key=%D9%85%D8%B7%D8%A7%D8%B9%D9%85&mod=search&categoryId=3165,,فطير,
احمد الشرقاوى,,0100-7451-438,,"17 ش طنطاوى جوهر, السيدة زينب, القاهرة.",https://yellowpages.com.eg/ar/profile/%D8%A7%D8%AD%D9%85%D8%AF-%D8%A7%D9%84%D8%B4%D8%B1%D9%82%D8%A7%D9%88%D9%89/409310?position=422&key=%D9%85%D8%B7%D8%A7%D8%B9%D9%85&mod=search&categoryId=3165,,مطاعم مصرية,
احمد الشرقاوى للمشويات,,"0106-4623-974
0115-6988-695
0120-6630-419",,"22 ش محمد نجيب - مدينة الاحرار, المرج, القاهرة.",https://yellowpages.com.eg/ar/profile/%D8%A7%D8%AD%D9%85%D8%AF-%D8%A7%D9%84%D8%B4%D8%B1%D9%82%D8%A7%D9%88%D9%89-%D9%84%D9%84%D9%85%D8%B4%D9%88%D9%8A%D8%A7%D8%AA/480670?position=423&key=%D9%85%D8%B7%D8%A7%D8%B9%D9%85&mod=search&categoryId=3165,,مشويات,
احمد الكبابجى,,0100-7933-266,,"67 طريق مصر اسيوط الزراعى, منيل شيحة, الجيزة.",https://yellowpages.com.eg/ar/profile/%D8%A7%D8%AD%D9%85%D8%AF-%D8%A7%D9%84%D9%83%D8%A8%D8%A7%D8%A8%D8%AC%D9%89/647909?position=424&key=%D9%85%D8%B7%D8%A7%D8%B9%D9%85&mod=search&categoryId=3165,,مشويات,
احمد امين,,050-2248-292,,"ش العباسى, المنصورة, الدقهلية.",https://yellowpages.com.eg/ar/profile/%D8%A7%D8%AD%D9%85%D8%AF-%D8%A7%D9%85%D9%8A%D9%86/263398?position=425&key=%D9%85%D8%B7%D8%A7%D8%B9%D9%85&mod=search&categoryId=3165,,مخابز ومعجنات وحلوى محلات,
احمد انور,,0100-9594-937,,"بلوك 10 - مساكن الجمهورية -, مدينة السلام, القاهرة.",https://yellowpages.com.eg/ar/profile/%D8%A7%D8%AD%D9%85%D8%AF-%D8%A7%D9%86%D9%88%D8%B1/283919?position=426&key=%D9%85%D8%B7%D8%A7%D8%B9%D9%85&mod=search&categoryId=3165,,مخابز ومعجنات وحلوى محلات,
احمد حلمى,,"0122-8368-716
0120-7973-378",,"ش العروبة, امبابة, الجيزة.",https://yellowpages.com.eg/ar/profile/%D8%A7%D8%AD%D9%85%D8%AF-%D8%AD%D9%84%D9%85%D9%89/353271?position=427&key=%D9%85%D8%B7%D8%A7%D8%B9%D9%85&mod=search&categoryId=3165,,مطاعم شعبية,
احمد ريان,,0127-1272-221,,"الطريق الزراعى, المنزلة, الدقهلية.",https://yellowpages.com.eg/ar/profile/%D8%A7%D8%AD%D9%85%D8%AF-%D8%B1%D9%8A%D8%A7%D9%86/358873?position=428&key=%D9%85%D8%B7%D8%A7%D8%B9%D9%85&mod=search&categoryId=3165,,مشويات,
احمد سعيد,,0122-7104-111,,"ش عبد الحى الطلخاوى, البيطاش, الاسكندرية.",https://yellowpages.com.eg/ar/profile/%D8%A7%D8%AD%D9%85%D8%AF-%D8%B3%D8%B9%D9%8A%D8%AF/225947?position=429&key=%D9%85%D8%B7%D8%A7%D8%B9%D9%85&mod=search&categoryId=3165,,مخابز ومعجنات وحلوى محلات,
احمد كوفى شوب,,0100-0172-049,,"23 ش احمد عيسى, حدائق القبة, القاهرة.",https://yellowpages.com.eg/ar/profile/%D8%A7%D8%AD%D9%85%D8%AF-%D9%83%D9%88%D9%81%D9%89-%D8%B4%D9%88%D8%A8/400086?position=430&key=%D9%85%D8%B7%D8%A7%D8%B9%D9%85&mod=search&categoryId=3165,,مطاعم,
احمد محمد حسين ابو شنب,,03-5420-865,,"18 ش مدحت سيف اليزيل, كليوباترا حمامات, الاسكندرية.",https://yellowpages.com.eg/ar/profile/%D8%A7%D8%AD%D9%85%D8%AF-%D9%85%D8%AD%D9%85%D8%AF-%D8%AD%D8%B3%D9%8A%D9%86-%D8%A7%D8%A8%D9%88-%D8%B4%D9%86%D8%A8/35814?position=431&key=%D9%85%D8%B7%D8%A7%D8%B9%D9%85&mod=search&categoryId=3165,,مخابز ومعجنات وحلوى محلات,
احمد منصور,,"0128-3421-550
0100-6252-161",,"23 ش مسجد الحضرى, محرم بك, الاسكندرية.",https://yellowpages.com.eg/ar/profile/%D8%A7%D8%AD%D9%85%D8%AF-%D9%85%D9%86%D8%B5%D9%88%D8%B1/24459?position=432&key=%D9%85%D8%B7%D8%A7%D8%B9%D9%85&mod=search&categoryId=3165,,مطاعم,
احمد وندا,,"0127-7979-674
0122-7574-712",,"امتداد ش بورسعيد - سنتريس, اشمون, المنوفية.",https://yellowpages.com.eg/ar/profile/%D8%A7%D8%AD%D9%85%D8%AF-%D9%88%D9%86%D8%AF%D8%A7/323327?position=433&key=%D9%85%D8%B7%D8%A7%D8%B9%D9%85&mod=search&categoryId=3165,,مشويات,
احمودى,,0100-7706-001,,"86 ش المنيل, المنيل, القاهرة.",https://yellowpages.com.eg/ar/profile/%D8%A7%D8%AD%D9%85%D9%88%D8%AF%D9%89/288650?position=434&key=%D9%85%D8%B7%D8%A7%D8%B9%D9%85&mod=search&categoryId=3165,,مطاعم,
اخر حاجة,,0111-5732-554,,"1 ش عبد الله سالم متفرع من ش احمد زكى, حدائق المعادى, المعادى, القاهرة.",https://yellowpages.com.eg/ar/profile/%D8%A7%D8%AE%D8%B1-%D8%AD%D8%A7%D8%AC%D8%A9/219382?position=435&key=%D9%85%D8%B7%D8%A7%D8%B9%D9%85&mod=search&categoryId=3165,,مطاعم,
اخر حاجة,,"0122-9460-222
0100-2579-757",,"10 طريق المعتمدية, ارض اللواء, الجيزة.",https://yellowpages.com.eg/ar/profile/%D8%A7%D8%AE%D8%B1-%D8%AD%D8%A7%D8%AC%D8%A9/269601?position=436&key=%D9%85%D8%B7%D8%A7%D8%B9%D9%85&mod=search&categoryId=3165,,مطاعم,
اخر ساعة,,0122-7945-959,,"ش طه عبد السلام, طره, القاهرة.",https://yellowpages.com.eg/ar/profile/%D8%A7%D8%AE%D8%B1-%D8%B3%D8%A7%D8%B9%D8%A9/403669?position=437&key=%D9%85%D8%B7%D8%A7%D8%B9%D9%85&mod=search&categoryId=3165,,مطاعم,
اخر ساعة,,02-3312-7661,,"ش المطار, امبابة, الجيزة.",https://yellowpages.com.eg/ar/profile/%D8%A7%D8%AE%D8%B1-%D8%B3%D8%A7%D8%B9%D8%A9/367176?position=438&key=%D9%85%D8%B7%D8%A7%D8%B9%D9%85&mod=search&categoryId=3165,,مخابز ومعجنات وحلوى محلات,
اخر ساعة,,0106-5397-171,,"ش النقراشى, ابو كبير, الشرقية.",https://yellowpages.com.eg/ar/profile/%D8%A7%D8%AE%D8%B1-%D8%B3%D8%A7%D8%B9%D8%A9/329742?position=439&key=%D9%85%D8%B7%D8%A7%D8%B9%D9%85&mod=search&categoryId=3165,,مشويات,
اخر ساعة اسبشيال,,"086-2332-211
0100-0209-717",,"ابراج الجامعة، ش طه حسين, وسط البلد, المنيا.",https://yellowpages.com.eg/ar/profile/%D8%A7%D8%AE%D8%B1-%D8%B3%D8%A7%D8%B9%D8%A9-%D8%A7%D8%B3%D8%A8%D8%B4%D9%8A%D8%A7%D9%84/628637?position=440&key=%D9%85%D8%B7%D8%A7%D8%B9%D9%85&mod=search&categoryId=3165,,مخابز ومعجنات وحلوى محلات,
اخطبوط,,"0100-5566-672
0111-2966-639",,"108 عمارات صقر قريش - , مساكن شيراتون, مصر الجديدة, القاهرة.",https://yellowpages.com.eg/ar/profile/%D8%A7%D8%AE%D8%B7%D8%A8%D9%88%D8%B7/567154?position=441&key=%D9%85%D8%B7%D8%A7%D8%B9%D9%85&mod=search&categoryId=3165,,مطاعم,
اد اند رول,,0101-9195-124,,"2 ش بهجت على متفرع من ش اسماعيل محمد, الزمالك, القاهرة.",https://yellowpages.com.eg/ar/profile/%D8%A7%D8%AF-%D8%A7%D9%86%D8%AF-%D8%B1%D9%88%D9%84/515796?position=442&key=%D9%85%D8%B7%D8%A7%D8%B9%D9%85&mod=search&categoryId=3165,,ايس كريم والبان,
اداجيو,,0122-7039-295,,"ميدان جهينة, السادس من اكتوبر, الجيزة.",https://yellowpages.com.eg/ar/profile/%D8%A7%D8%AF%D8%A7%D8%AC%D9%8A%D9%88/517761?position=443&key=%D9%85%D8%B7%D8%A7%D8%B9%D9%85&mod=search&categoryId=3165,,ايس كريم والبان,
اداجيو بيتزاريا,http://www.merakiresort.com/restaurants/Pizzeria,065-3548-611,,"طريق الكورنيش, الدهار, الغردقة.",https://yellowpages.com.eg/ar/profile/%D8%A7%D8%AF%D8%A7%D8%AC%D9%8A%D9%88-%D8%A8%D9%8A%D8%AA%D8%B2%D8%A7%D8%B1%D9%8A%D8%A7/592652?position=444&key=%D9%85%D8%B7%D8%A7%D8%B9%D9%85&mod=search&categoryId=3165,,بيتزا,
ادامز دونر اند جريل,,02-2258-4279,,"3 ش المماليك, مصر الجديدة, القاهرة.",https://yellowpages.com.eg/ar/profile/%D8%A7%D8%AF%D8%A7%D9%85%D8%B2-%D8%AF%D9%88%D9%86%D8%B1-%D8%A7%D9%86%D8%AF-%D8%AC%D8%B1%D9%8A%D9%84/451930?position=445&key=%D9%85%D8%B7%D8%A7%D8%B9%D9%85&mod=search&categoryId=3165,,مطاعم عالمية,
ادامز كافيه,,0102-0338-030,,"53 عمارات الفاروقية - ش جسر السويس, النزهة الجديدة, القاهرة.",https://yellowpages.com.eg/ar/profile/%D8%A7%D8%AF%D8%A7%D9%85%D8%B2-%D9%83%D8%A7%D9%81%D9%8A%D9%87/441690?position=446&key=%D9%85%D8%B7%D8%A7%D8%B9%D9%85&mod=search&categoryId=3165,,مقاهى,
ادامز لاونج,,"0121-2103-559
02-2266-3088",,"3 عمارات صقر قريش ش عبد الحميد بدوى, مساكن شيراتون, مصر الجديدة, القاهرة.",https://yellowpages.com.eg/ar/profile/%D8%A7%D8%AF%D8%A7%D9%85%D8%B2-%D9%84%D8%A7%D9%88%D9%86%D8%AC/2672?position=447&key=%D9%85%D8%B7%D8%A7%D8%B9%D9%85&mod=search&categoryId=3165,,مقاهى,
ادرياتيكا كافيه,,"046-4938-696
0122-7228-890
046-4942-675",,"ش الجلاء, وسط البلد, مرسى مطروح.",https://yellowpages.com.eg/ar/profile/%D8%A7%D8%AF%D8%B1%D9%8A%D8%A7%D8%AA%D9%8A%D9%83%D8%A7-%D9%83%D8%A7%D9%81%D9%8A%D9%87/293438?position=448&key=%D9%85%D8%B7%D8%A7%D8%B9%D9%85&mod=search&categoryId=3165,,مقاهى,
ادريانو,,048-2321-030,,"ش جمال عبد الناصر, شبين الكوم, المنوفية.",https://yellowpages.com.eg/ar/profile/%D8%A7%D8%AF%D8%B1%D9%8A%D8%A7%D9%86%D9%88/574600?position=449&key=%D9%85%D8%B7%D8%A7%D8%B9%D9%85&mod=search&categoryId=3165,,مقاهى,
ادريانو كافيه,,0112-7057-136,,"8 ج عمارات طيبة ش الزهراء الرئيسى, زهراء المعادى, المعادى, القاهرة.",https://yellowpages.com.eg/ar/profile/%D8%A7%D8%AF%D8%B1%D9%8A%D8%A7%D9%86%D9%88-%D9%83%D8%A7%D9%81%D9%8A%D9%87/455421?position=450&key=%D9%85%D8%B7%D8%A7%D8%B9%D9%85&mod=search&categoryId=3165,,مقاهى,
ادريس جروب,http://www.edrisgroup.net/,"095-2377-990
0122-7379-333
0100-3770-666",,"1 ش صلاح الدين, الاقصر, الاقصر.",https://yellowpages.com.eg/ar/profile/%D8%A7%D8%AF%D8%B1%D9%8A%D8%B3-%D8%AC%D8%B1%D9%88%D8%A8/124731?position=451&key=%D9%85%D8%B7%D8%A7%D8%B9%D9%85&mod=search&categoryId=3165,,مطاعم مصرية,
ادريكو,,0100-4030-970,,"3 ش العمدة, فيصل, الجيزة.",https://yellowpages.com.eg/ar/profile/%D8%A7%D8%AF%D8%B1%D9%8A%D9%83%D9%88/394613?position=452&key=%D9%85%D8%B7%D8%A7%D8%B9%D9%85&mod=search&categoryId=3165,,وجبات سريعة,
ادم كافيه,,0101-4004-070,,"10 ش السلام, شبرا, القاهرة.",https://yellowpages.com.eg/ar/profile/%D8%A7%D8%AF%D9%85-%D9%83%D8%A7%D9%81%D9%8A%D9%87/467721?position=453&key=%D9%85%D8%B7%D8%A7%D8%B9%D9%85&mod=search&categoryId=3165,,مقاهى,
ادم كافيه,,"02-3761-8985
0115-5005-520
0112-0145-145",,"89 ش السودان, تقاطع ش جامعة الدول العربية, المهندسين, الجيزة.",https://yellowpages.com.eg/ar/profile/%D8%A7%D8%AF%D9%85-%D9%83%D8%A7%D9%81%D9%8A%D9%87/563778?position=454&key=%D9%85%D8%B7%D8%A7%D8%B9%D9%85&mod=search&categoryId=3165,,مطاعم امريكية,
ادم كريب,,0102-6666-126,,"13 ش عبد المحسن الوسيمى, جسر السويس, القاهرة.",https://yellowpages.com.eg/ar/profile/%D8%A7%D8%AF%D9%85-%D9%83%D8%B1%D9%8A%D8%A8/622975?position=455&key=%D9%85%D8%B7%D8%A7%D8%B9%D9%85&mod=search&categoryId=3165,,كريب ووافل,
ادميرال دانس كلوب,,"0100-3408-900
0100-3408-903
0100-3408-901
0100-3408-904
0100-7390-964
0100-3408-909",,"كم 8 - , جنوب الغردقة, الغردقة.",https://yellowpages.com.eg/ar/profile/%D8%A7%D8%AF%D9%85%D9%8A%D8%B1%D8%A7%D9%84-%D8%AF%D8%A7%D9%86%D8%B3-%D9%83%D9%84%D9%88%D8%A8/111834?position=456&key=%D9%85%D8%B7%D8%A7%D8%B9%D9%85&mod=search&categoryId=3165,,اماكن ليلية,
ادهم بول بار,http://www.adhamcompoundegypt.com/,"03-4578-327
03-4578-160",,"كم 1.5 - طريق برج العرب, كينج مريوط, الاسكندرية.",https://yellowpages.com.eg/ar/profile/%D8%A7%D8%AF%D9%87%D9%85-%D8%A8%D9%88%D9%84-%D8%A8%D8%A7%D8%B1/444921?position=457&key=%D9%85%D8%B7%D8%A7%D8%B9%D9%85&mod=search&categoryId=3165,,وجبات سريعة,
ار اند جيه,,0114-6733-888,,"فيلا 6 - ش 263, المعادى الجديدة, المعادى, القاهرة.",https://yellowpages.com.eg/ar/profile/%D8%A7%D8%B1-%D8%A7%D9%86%D8%AF-%D8%AC%D9%8A%D9%87/467858?position=458&key=%D9%85%D8%B7%D8%A7%D8%B9%D9%85&mod=search&categoryId=3165,,مقاهى,
ار اند جيه كافيه,,0114-4466-635,,"كورنيش النيل, كورنيش المعادى, المعادى, القاهرة.",https://yellowpages.com.eg/ar/profile/%D8%A7%D8%B1-%D8%A7%D9%86%D8%AF-%D8%AC%D9%8A%D9%87-%D9%83%D8%A7%D9%81%D9%8A%D9%87/622271?position=459&key=%D9%85%D8%B7%D8%A7%D8%B9%D9%85&mod=search&categoryId=3165,,مقاهى,
ارابياتا,,16919,,"1 ش ذاكر حسين, الحى السابع, مدينة نصر, القاهرة.",https://yellowpages.com.eg/ar/profile/%D8%A7%D8%B1%D8%A7%D8%A8%D9%8A%D8%A7%D8%AA%D8%A7/173087?position=460&key=%D9%85%D8%B7%D8%A7%D8%B9%D9%85&mod=search&categoryId=3165,,وجبات سريعة,
ارابياتا جريل,,"0120-6403-536
0120-1533-136",,", المنطقة السابعة, الشيخ زايد, الاسماعيلية.",https://yellowpages.com.eg/ar/profile/%D8%A7%D8%B1%D8%A7%D8%A8%D9%8A%D8%A7%D8%AA%D8%A7-%D8%AC%D8%B1%D9%8A%D9%84/637943?position=461&key=%D9%85%D8%B7%D8%A7%D8%B9%D9%85&mod=search&categoryId=3165,,وجبات سريعة,
ارابيان كافيه,https://arabian.cafe/,0112-1000-845,,"القطعة 1/1 المحور المركزى, ميدان الحصرى, السادس من اكتوبر, الجيزة.",https://yellowpages.com.eg/ar/profile/%D8%A7%D8%B1%D8%A7%D8%A8%D9%8A%D8%A7%D9%86-%D9%83%D8%A7%D9%81%D9%8A%D9%87/618233?position=462&key=%D9%85%D8%B7%D8%A7%D8%B9%D9%85&mod=search&categoryId=3165,,مقاهى,
ارابيان نايتس,http://www.sunrise-resorts.com/Home/HURGHADA/SUNRISE_Select_Holidays_Resort_Adults_Only,"065-3445-080
065-3445-084
065-3445-085",,"ش الشيراتون, سقالة, الغردقة.",https://yellowpages.com.eg/ar/profile/%D8%A7%D8%B1%D8%A7%D8%A8%D9%8A%D8%A7%D9%86-%D9%86%D8%A7%D9%8A%D8%AA%D8%B3/105597?position=463&key=%D9%85%D8%B7%D8%A7%D8%B9%D9%85&mod=search&categoryId=3165,,مطاعم عالمية,
ارابيان نايتس,,"069-3710-131
069-3710-135
069-3710-134
069-3710-133
069-3710-140",,"الغرقانة, خليج نبق, شرم الشيخ.",https://yellowpages.com.eg/ar/profile/%D8%A7%D8%B1%D8%A7%D8%A8%D9%8A%D8%A7%D9%86-%D9%86%D8%A7%D9%8A%D8%AA%D8%B3/106398?position=464&key=%D9%85%D8%B7%D8%A7%D8%B9%D9%85&mod=search&categoryId=3165,,مطاعم شعبية,
ارابيان نايتس كافيه,,"03-5507-920
0100-0202-864
03-5507-920",,"659 طريق الجيش, ميامى, الاسكندرية.",https://yellowpages.com.eg/ar/profile/%D8%A7%D8%B1%D8%A7%D8%A8%D9%8A%D8%A7%D9%86-%D9%86%D8%A7%D9%8A%D8%AA%D8%B3-%D9%83%D8%A7%D9%81%D9%8A%D9%87/290213?position=465&key=%D9%85%D8%B7%D8%A7%D8%B9%D9%85&mod=search&categoryId=3165,,مقاهى,
ارابيتا كافيه اند ريستوران,,"048-2332-333
0127-0400-060
0100-9897-070",,"25 ش عاطف السادات, شبين الكوم, المنوفية.",https://yellowpages.com.eg/ar/profile/%D8%A7%D8%B1%D8%A7%D8%A8%D9%8A%D8%AA%D8%A7-%D9%83%D8%A7%D9%81%D9%8A%D9%87-%D8%A7%D9%86%D8%AF-%D8%B1%D9%8A%D8%B3%D8%AA%D9%88%D8%B1%D8%A7%D9%86/546764?position=466&key=%D9%85%D8%B7%D8%A7%D8%B9%D9%85&mod=search&categoryId=3165,,مقاهى,
ارابيسك,http://www.arabesque-eg.com/,"02-2574-7898
0100-1073-367
02-2574-8677
02-2773-0025",,"6 ش قصر النيل, وسط البلد, القاهرة.",https://yellowpages.com.eg/ar/profile/%D8%A7%D8%B1%D8%A7%D8%A8%D9%8A%D8%B3%D9%83/67260?position=467&key=%D9%85%D8%B7%D8%A7%D8%B9%D9%85&mod=search&categoryId=3165,,مطاعم شعبية,
ارابيسك,http://www.fourseasons.com/sharmelsheikh/dining/restaurants/arabesque/,"069-3603-555
069-3621-177
069-3603-550",,"1 طريق فور سيزونز بوليفارد, شاركس باى, شرم الشيخ.",https://yellowpages.com.eg/ar/profile/%D8%A7%D8%B1%D8%A7%D8%A8%D9%8A%D8%B3%D9%83/105905?position=468&key=%D9%85%D8%B7%D8%A7%D8%B9%D9%85&mod=search&categoryId=3165,,مطاعم عالمية,
ارابيسك,http://www.carolsbeaurivage.com/dining/,"046-4851-000
046-4850-333",,"طريق عجيبة - خليج الابيض, حى القصر, مرسى مطروح.",https://yellowpages.com.eg/ar/profile/%D8%A7%D8%B1%D8%A7%D8%A8%D9%8A%D8%B3%D9%83/226785?position=469&key=%D9%85%D8%B7%D8%A7%D8%B9%D9%85&mod=search&categoryId=3165,,مطاعم مصرية,
ارابيسك,http://www.pegasegypt.com/default.asp?islem=menudetay&id=124&catid=1&hotel=11&title=Restaurants+%26+Bars,"065-3380-041
065-3380-040
065-3380-042
065-3380-055",,"كم 20 طريق مرسى علم القصير, مرسى شجرة, مرسى علم.",https://yellowpages.com.eg/ar/profile/%D8%A7%D8%B1%D8%A7%D8%A8%D9%8A%D8%B3%D9%83/310265?position=470&key=%D9%85%D8%B7%D8%A7%D8%B9%D9%85&mod=search&categoryId=3165,,مطاعم شعبية,
ارابيسك,http://www.redseahotels.com/index.php?id=159,"065-3463-100
065-3463-105",,"الممشى السياحى, طريق القرى, الغردقة.",https://yellowpages.com.eg/ar/profile/%D8%A7%D8%B1%D8%A7%D8%A8%D9%8A%D8%B3%D9%83/228974?position=471&key=%D9%85%D8%B7%D8%A7%D8%B9%D9%85&mod=search&categoryId=3165,,مطاعم شعبية,
ارابيسك بار,http://www.pickalbatros.com/beachalbatroshurghada/restaur.htm,"065-3464-001
065-3464-000",,"طريق سهل حشيش, طريق القرى, الغردقة.",https://yellowpages.com.eg/ar/profile/%D8%A7%D8%B1%D8%A7%D8%A8%D9%8A%D8%B3%D9%83-%D8%A8%D8%A7%D8%B1/108418?position=472&key=%D9%85%D8%B7%D8%A7%D8%B9%D9%85&mod=search&categoryId=3165,,اماكن ليلية,
ارابيسك بار,http://www.reginaresorts.com/,"069-3520-631
069-3520-634
069-3520-633",,"6 طريق الكورنيش التقسيم السياحى, الميناء, نويبع.",https://yellowpages.com.eg/ar/profile/%D8%A7%D8%B1%D8%A7%D8%A8%D9%8A%D8%B3%D9%83-%D8%A8%D8%A7%D8%B1/131218?position=473&key=%D9%85%D8%B7%D8%A7%D8%B9%D9%85&mod=search&categoryId=3165,,اماكن ليلية,
ارابيسك رستوران,http://www.jaz.travel/hurghada/madinat-makadi/hotels/iberotel-makadi-beach.aspx,"065-3590-000
065-3590-020",,"كم 32 - طريق الغردقة سفاجا, مكادى باى, الغردقة.",https://yellowpages.com.eg/ar/profile/%D8%A7%D8%B1%D8%A7%D8%A8%D9%8A%D8%B3%D9%83-%D8%B1%D8%B3%D8%AA%D9%88%D8%B1%D8%A7%D9%86/266126?position=474&key=%D9%85%D8%B7%D8%A7%D8%B9%D9%85&mod=search&categoryId=3165,,مطاعم شعبية,
ارابيك لونج,http://www.sonesta.com/eg/cairo/nasr-city/sonesta-hotel-tower-casino-cairo/dining,"02-2264-1111
02-2262-8765",,"3 ش الطيران, متفرع من طريق صلاح سالم, مدينة نصر, القاهرة.",https://yellowpages.com.eg/ar/profile/%D8%A7%D8%B1%D8%A7%D8%A8%D9%8A%D9%83-%D9%84%D9%88%D9%86%D8%AC/65459?position=475&key=%D9%85%D8%B7%D8%A7%D8%B9%D9%85&mod=search&categoryId=3165,,اماكن ليلية,
ارابيكا,,02-2735-0682,,"20 ش المرعشلى, الزمالك, القاهرة.",https://yellowpages.com.eg/ar/profile/%D8%A7%D8%B1%D8%A7%D8%A8%D9%8A%D9%83%D8%A7/64894?position=476&key=%D9%85%D8%B7%D8%A7%D8%B9%D9%85&mod=search&categoryId=3165,,مقاهى,
ارابيكا,,"0115-0604-302
0102-2281-501
02-2470-4862
0100-6288-817",https://web.whatsapp.com/send?phone=+201006288817,"10 ش الطاقة متفرع من ش مصطفى النحاس, الحى الثامن, مدينة نصر, القاهرة.",https://yellowpages.com.eg/ar/profile/%D8%A7%D8%B1%D8%A7%D8%A8%D9%8A%D9%83%D8%A7/530542?position=477&key=%D9%85%D8%B7%D8%A7%D8%B9%D9%85&mod=search&categoryId=3165,,وجبات سريعة,
ارابيكا كافيه,,"0122-4344-207
0111-3832-323",,"55 أ ش 5, حدائق الاهرام, الهرم, الجيزة.",https://yellowpages.com.eg/ar/profile/%D8%A7%D8%B1%D8%A7%D8%A8%D9%8A%D9%83%D8%A7-%D9%83%D8%A7%D9%81%D9%8A%D9%87/450747?position=478&key=%D9%85%D8%B7%D8%A7%D8%B9%D9%85&mod=search&categoryId=3165,,مقاهى,
ارام الشام,,"0100-9635-099
0100-9633-968",,"القطعة 82 - ش اخناتون - الحى الاول, التجمع الخامس, القاهرة الجديدة, القاهرة.",https://yellowpages.com.eg/ar/profile/%D8%A7%D8%B1%D8%A7%D9%85-%D8%A7%D9%84%D8%B4%D8%A7%D9%85/527299?position=479&key=%D9%85%D8%B7%D8%A7%D8%B9%D9%85&mod=search&categoryId=3165,,مطاعم,
اراوند ذا ورلد,https://www.sunrise-resorts.com/Home/HURGHADA/SUNRISE_Select_Royal_Makadi_Resort,"065-3590-391
065-3590-402",,"كم 30 طريق سفاجا الغردقة, مكادى باى, الغردقة.",https://yellowpages.com.eg/ar/profile/%D8%A7%D8%B1%D8%A7%D9%88%D9%86%D8%AF-%D8%B0%D8%A7-%D9%88%D8%B1%D9%84%D8%AF/204404?position=480&key=%D9%85%D8%B7%D8%A7%D8%B9%D9%85&mod=search&categoryId=3165,,مطاعم عالمية,
اربيا الشبراوى,,"0112-2503-050
0106-4400-188",,"18 سور نادى العبور الرياضى, مدينة العبور, القليوبية.",https://yellowpages.com.eg/ar/profile/%D8%A7%D8%B1%D8%A8%D9%8A%D8%A7-%D8%A7%D9%84%D8%B4%D8%A8%D8%B1%D8%A7%D9%88%D9%89/634401?position=481&key=%D9%85%D8%B7%D8%A7%D8%B9%D9%85&mod=search&categoryId=3165,,وجبات سريعة,
اربيان نايتس,http://www.orientalrivoli.com/,"069-3600-952
069-3600-652
069-3600-597
069-3600-596",,"طريق السلام, خليج نعمة, شرم الشيخ.",https://yellowpages.com.eg/ar/profile/%D8%A7%D8%B1%D8%A8%D9%8A%D8%A7%D9%86-%D9%86%D8%A7%D9%8A%D8%AA%D8%B3/249003?position=482&key=%D9%85%D8%B7%D8%A7%D8%B9%D9%85&mod=search&categoryId=3165,,مقاهى,
اربيز,http://www.arbysegypt.com/,"19337
02-2536-5040",,", منطقة اللوتس الشمالية, التجمع الخامس, القاهرة الجديدة, القاهرة.",https://yellowpages.com.eg/ar/profile/%D8%A7%D8%B1%D8%A8%D9%8A%D8%B2/595176?position=483&key=%D9%85%D8%B7%D8%A7%D8%B9%D9%85&mod=search&categoryId=3165,,وجبات سريعة,
ارت فيلدج كافيه,,065-3549-702,,"., وسط البلد, الجونة.",https://yellowpages.com.eg/ar/profile/%D8%A7%D8%B1%D8%AA-%D9%81%D9%8A%D9%84%D8%AF%D8%AC-%D9%83%D8%A7%D9%81%D9%8A%D9%87/159920?position=484&key=%D9%85%D8%B7%D8%A7%D8%B9%D9%85&mod=search&categoryId=3165,,مقاهى,
ارت كافية,,0112-3258-118,,"ش 306 متفرع من ش فلسطين, المعادى, القاهرة.",https://yellowpages.com.eg/ar/profile/%D8%A7%D8%B1%D8%AA-%D9%83%D8%A7%D9%81%D9%8A%D8%A9/615138?position=485&key=%D9%85%D8%B7%D8%A7%D8%B9%D9%85&mod=search&categoryId=3165,,مقاهى,
ارت كافيه,http://www.pyramisaegypt.com/pyramisaisisisland/resturants.asp#res07,"097-2317-400
097-2317-405",,"ش كورنيش النيل, وسط البلد, اسوان.",https://yellowpages.com.eg/ar/profile/%D8%A7%D8%B1%D8%AA-%D9%83%D8%A7%D9%81%D9%8A%D9%87/144315?position=486&key=%D9%85%D8%B7%D8%A7%D8%B9%D9%85&mod=search&categoryId=3165,,مقاهى,
ارجيلا لونج كافيه,,"02-3583-1960
02-3587-1434
0122-3337-793
0121-2868-569",,"20 ش فاطمة رشدى, العمرانية الغربية, الهرم, الجيزة.",https://yellowpages.com.eg/ar/profile/%D8%A7%D8%B1%D8%AC%D9%8A%D9%84%D8%A7-%D9%84%D9%88%D9%86%D8%AC-%D9%83%D8%A7%D9%81%D9%8A%D9%87/521766?position=487&key=%D9%85%D8%B7%D8%A7%D8%B9%D9%85&mod=search&categoryId=3165,,مقاهى,
ارجيلة كافيه,,"02-2070-0006
0111-0455-667",https://web.whatsapp.com/send?phone=+201110455667,"11 ش حسنين هيكل, مدينة نصر, القاهرة.",https://yellowpages.com.eg/ar/profile/%D8%A7%D8%B1%D8%AC%D9%8A%D9%84%D8%A9-%D9%83%D8%A7%D9%81%D9%8A%D9%87/412894?position=488&key=%D9%85%D8%B7%D8%A7%D8%B9%D9%85&mod=search&categoryId=3165,,مقاهى,
ارجيلة كافيه,http://amwaj.aahotelsegypt.com/pages/amwaj_dinning,"069-9205-490
069-3710-656",,"طريق السلام - الغرقانة, خليج نبق, شرم الشيخ.",https://yellowpages.com.eg/ar/profile/%D8%A7%D8%B1%D8%AC%D9%8A%D9%84%D8%A9-%D9%83%D8%A7%D9%81%D9%8A%D9%87/230271?position=489&key=%D9%85%D8%B7%D8%A7%D8%B9%D9%85&mod=search&categoryId=3165,,مقاهى,
ارجينت للتجهيزات الفندقية المطاعم,,0101-5556-688,,"1146 عمارات القوات المسلحة ش العيادة, زهراء مدينة نصر, مدينة نصر, القاهرة.",https://yellowpages.com.eg/ar/profile/%D8%A7%D8%B1%D8%AC%D9%8A%D9%86%D8%AA-%D9%84%D9%84%D8%AA%D8%AC%D9%87%D9%8A%D8%B2%D8%A7%D8%AA-%D8%A7%D9%84%D9%81%D9%86%D8%AF%D9%82%D9%8A%D8%A9-%D8%A7%D9%84%D9%85%D8%B7%D8%A7%D8%B9%D9%85/697540?position=490&key=%D9%85%D8%B7%D8%A7%D8%B9%D9%85&mod=search&categoryId=3165,,معدات مطاعم وفنادق,
ارز لبنان,,0100-0614-433,https://web.whatsapp.com/send?phone=+201000614433,"ش التسعين, التجمع الخامس, القاهرة الجديدة, القاهرة.",https://yellowpages.com.eg/ar/profile/%D8%A7%D8%B1%D8%B2-%D9%84%D8%A8%D9%86%D8%A7%D9%86/608794?position=491&key=%D9%85%D8%B7%D8%A7%D8%B9%D9%85&mod=search&categoryId=3165,,مطاعم لبنانية,
ارزاق,,"02-2842-6543
0106-1189-039",,"ش 9, المقطم, القاهرة.",https://yellowpages.com.eg/ar/profile/%D8%A7%D8%B1%D8%B2%D8%A7%D9%82/118090?position=492&key=%D9%85%D8%B7%D8%A7%D8%B9%D9%85&mod=search&categoryId=3165,,مطاعم مصرية,
ارزاق,,"02-2418-9219
0100-0198-091
0115-6005-613",,"13 ش الصومال, الكوربة, مصر الجديدة, القاهرة.",https://yellowpages.com.eg/ar/profile/%D8%A7%D8%B1%D8%B2%D8%A7%D9%82/293540?position=493&key=%D9%85%D8%B7%D8%A7%D8%B9%D9%85&mod=search&categoryId=3165,,مطاعم مصرية,
ارزاق,,0106-8715-030,,"ش الزعيم غاندى, عين شمس, القاهرة.",https://yellowpages.com.eg/ar/profile/%D8%A7%D8%B1%D8%B2%D8%A7%D9%82/285106?position=494&key=%D9%85%D8%B7%D8%A7%D8%B9%D9%85&mod=search&categoryId=3165,,مطاعم,
ارزاق,,0128-4508-007,,"ش محمد نور الدين, العرب, المعادى, القاهرة.",https://yellowpages.com.eg/ar/profile/%D8%A7%D8%B1%D8%B2%D8%A7%D9%82/411945?position=495&key=%D9%85%D8%B7%D8%A7%D8%B9%D9%85&mod=search&categoryId=3165,,مطاعم,
ارزاق,,"0122-6596-393
0115-3453-450",,"21 ش الاسلام - مدينة الصفا, المرج, القاهرة.",https://yellowpages.com.eg/ar/profile/%D8%A7%D8%B1%D8%B2%D8%A7%D9%82/563690?position=496&key=%D9%85%D8%B7%D8%A7%D8%B9%D9%85&mod=search&categoryId=3165,,فول وطعمية,
ارزاق الحاتى,,0101-0689-449,,"مساكن الشرطة العسكرية - ش عبد السلام عارف, حى المديرية, بنى سويف.",https://yellowpages.com.eg/ar/profile/%D8%A7%D8%B1%D8%B2%D8%A7%D9%82-%D8%A7%D9%84%D8%AD%D8%A7%D8%AA%D9%89/612901?position=497&key=%D9%85%D8%B7%D8%A7%D8%B9%D9%85&mod=search&categoryId=3165,,مشويات,
ارزاق الكوثر,http://www.arzakegypt.com/,"02-2528-8012
02-2528-8013
02-2528-8014",,"80 أ طريق مصر حلوان الزراعى, حدائق المعادى, المعادى, القاهرة.",https://yellowpages.com.eg/ar/profile/%D8%A7%D8%B1%D8%B2%D8%A7%D9%82-%D8%A7%D9%84%D9%83%D9%88%D8%AB%D8%B1/175724?position=498&key=%D9%85%D8%B7%D8%A7%D8%B9%D9%85&mod=search&categoryId=3165,,مطاعم مصرية,
ارزاق بيتزا,,"0100-8627-225
0111-8623-925",,"77 ش ترعة جزيرة بدران, شبرا, القاهرة.",https://yellowpages.com.eg/ar/profile/%D8%A7%D8%B1%D8%B2%D8%A7%D9%82-%D8%A8%D9%8A%D8%AA%D8%B2%D8%A7/202843?position=499&key=%D9%85%D8%B7%D8%A7%D8%B9%D9%85&mod=search&categoryId=3165,,مخابز ومعجنات وحلوى محلات,
